FeederID,AnimalName,RFID,StartTime,EndTime,GoodDataDuration,CO2GramsPerDay,CH4GramsPerDay,O2GramsPerDay,H2GramsPerDay,H2SGramsPerDay,AirflowLitersPerSec,AirflowCf,WindSpeedMetersPerSec,WindDirDeg,WindCf,WasInterrupted,InterruptingTags,TempPipeDegreesCelsius,IsPreliminary,RunTime
1,"""000000000840003250681664""",000000000840003250681664,5/13/24 9:33,5/13/24 9:36,0:02:31,10531.31564,466.4894193,6815.441013,0,0,34.01589304,1.065650353,0.018465326,27.26658081,1.003693065,,"""""",17.1580299,1,6/27/24 0:54
1,"""000000000840003250681664""",000000000840003250681664,5/13/24 10:25,5/13/24 10:32,0:06:09,14032.11199,577.386078,8799.408108,0,0,33.99933104,1.066014717,0.068601757,314.5165221,1.013720351,,"""""",18.96392258,1,6/27/24 0:54
1,"""000000000840003250681799""",000000000840003250681799,5/13/24 12:29,5/13/24 12:45,0:10:21,9242.19808,301.3759942,6172.841005,0,0,33.85346504,1.069223769,0.06822303,57.95216496,1.013644606,,"""""",21.85128798,1,6/27/24 0:54
1,"""000000000840003250681664""",000000000840003250681664,5/13/24 13:06,5/13/24 13:12,0:04:00,14734.94229,497.8236681,10635.51415,0,0,33.84422019,1.069427156,0.134502668,42.05323017,1.026900534,,"""""",22.32894848,1,6/27/24 0:54
1,"""000000000840003250681664""",000000000840003250681664,5/13/24 14:34,5/13/24 14:41,0:04:55,20079.92833,755.8985744,11021.45407,0,0,33.71544235,1.072260268,0.109423832,35.38211811,1.021884766,,"""""",22.59073888,1,6/27/24 0:54
1,"""000000000840003234513955""",000000000840003234513955,5/13/24 14:59,5/13/24 15:11,0:03:42,13904.91165,469.2455684,8940.073587,0,0,33.60985829,1.074583118,0.132602356,18.15099845,1.026520471,,"""""",23.07524851,1,6/27/24 0:54
1,"""000000000840003250681664""",000000000840003250681664,5/13/24 15:39,5/13/24 15:42,0:02:12,18624.73489,628.6079239,12744.28343,0,0,33.60148144,1.074767408,0.110858666,67.49773541,1.022171733,,"""""",23.47126881,1,6/27/24 0:54
1,"""000000000840003250681788""",000000000840003250681788,5/13/24 15:46,5/13/24 15:52,0:02:23,15462.17442,412.4297404,11833.26623,0,0,33.55022714,1.075895003,0.019724409,20.75256046,1.003944882,,"""""",23.77890449,1,6/27/24 0:54
1,"""000000000840003234513955""",000000000840003234513955,5/13/24 16:54,5/13/24 17:00,0:05:05,15689.09132,564.6495689,10654.62369,0,0,33.57712496,1.075303251,0.119774511,75.02856843,1.023954902,,"""""",23.72278997,1,6/27/24 0:54
1,"""000000000840003250681799""",000000000840003250681799,5/13/24 17:01,5/13/24 17:03,0:02:16,18011.31541,585.1514131,12109.18888,0,0,33.51110041,1.076755791,0.092913877,43.52826945,1.018582775,,"""""",23.89269582,1,6/27/24 0:54
1,"""000000000840003250681788""",000000000840003250681788,5/13/24 17:54,5/13/24 17:59,0:04:12,16061.59432,648.6206425,9787.335106,0,0,33.48958499,1.07722913,0.064060461,19.64334565,1.012812092,,"""""",23.40764178,1,6/27/24 0:54
1,"""000000000840003234513977""",000000000840003234513977,5/13/24 18:03,5/13/24 18:05,0:02:08,16994.5615,587.8957193,10931.39116,0,0,33.51025542,1.076774381,0.088090416,43.78737715,1.017618083,,"""""",23.82317358,1,6/27/24 0:54
1,"""000000000840003234513955""",000000000840003234513955,5/13/24 18:44,5/13/24 18:48,0:03:36,13627.60639,521.8612566,10198.62866,0,0,33.4531182,1.0780314,0.066602003,64.210822,1.013320401,,"""""",22.79048101,1,6/27/24 0:54
1,"""000000000840003250681664""",000000000840003250681664,5/13/24 18:53,5/13/24 18:57,0:02:30,18134.66834,486.5792333,13208.48186,0,0,33.42648204,1.078617395,0.096111628,69.69873028,1.019222326,,"""""",23.04617959,1,6/27/24 0:54
1,"""000000000840003234513955""",000000000840003234513955,5/13/24 19:11,5/13/24 19:15,0:02:31,15706.94544,634.4694898,10230.23283,0,0,33.36169499,1.08004271,0.056880208,88.71002015,1.011376042,,"""""",22.98007653,1,6/27/24 0:54
1,"""000000000840003250681799""",000000000840003250681799,5/13/24 19:57,5/13/24 20:02,0:03:10,16950.51022,598.3022983,11422.59017,0,0,33.41886203,1.078785035,0.057554988,84.49219766,1.011510998,,"""""",22.56686749,1,6/27/24 0:54
1,"""000000000840003250681788""",000000000840003250681788,5/13/24 20:09,5/13/24 20:12,0:02:54,22973.23665,890.5567605,16351.8377,0,0,33.43713472,1.078383036,0.064210506,80.42454331,1.012842101,,"""""",22.53691465,1,6/27/24 0:54
1,"""000000000840003234513955""",000000000840003234513955,5/13/24 20:13,5/13/24 20:17,0:02:57,17289.66876,824.4421406,12223.12325,0,0,33.45200163,1.078055964,0.013297369,73.26282945,1.002659474,,"""""",22.65315563,1,6/27/24 0:54
1,"""000000000840003234513955""",000000000840003234513955,5/13/24 21:08,5/13/24 21:11,0:02:35,5894.982436,222.5963162,4031.094759,0,0,34.47026101,1.055654258,0.556985868,263.1743014,1.111397174,,"""""",18.39478909,1,6/27/24 0:54
1,"""000000000840003250681799""",000000000840003250681799,5/13/24 21:22,5/13/24 21:27,0:03:06,3887.806069,121.3611554,2868.298854,0,0,33.80771865,1.07023019,0.334294573,266.383742,1.066858915,,"""""",17.60872088,1,6/27/24 0:54
1,"""000000000840003250681766""",000000000840003250681766,5/13/24 21:48,5/13/24 22:06,0:04:09,5761.316648,134.0273158,3577.529449,0,0,33.89872866,1.06822797,0.433335963,276.6336,1.086667193,,"""""",16.09763102,1,6/27/24 0:54
1,"""000000000840003250681788""",000000000840003250681788,5/13/24 22:08,5/13/24 22:10,0:02:20,4858.999156,112.2196676,3651.474418,0,0,33.76241907,1.07122678,0.404442063,272.7836152,1.080888413,,"""""",15.71743621,1,6/27/24 0:54
1,"""000000000840003250681799""",000000000840003250681799,5/13/24 22:19,5/13/24 22:29,0:02:53,5307.70688,132.6658406,3598.646665,0,0,34.05700341,1.064745925,0.453102637,262.2596041,1.090620527,,"""""",15.20071913,1,6/27/24 0:54
1,"""000000000840003234513955""",000000000840003234513955,5/13/24 23:11,5/13/24 23:17,0:05:29,4522.055965,116.272723,3338.006291,0,0,33.76206913,1.071234479,0.137493559,14.33215282,1.027498712,,"""""",14.76507878,1,6/27/24 0:54
1,"""000000000840003250681789""",000000000840003250681789,5/13/24 23:36,5/13/24 23:43,0:02:11,4768.587197,101.8313496,3350.625201,0,0,33.47113004,1.077635139,0.033215071,57.37169741,1.006643014,,"""""",15.10382397,1,6/27/24 0:54
1,"""000000000840003250681799""",000000000840003250681799,5/13/24 23:44,5/13/24 23:47,0:03:32,5393.656953,185.0589856,3947.018262,0,0,33.51102501,1.07675745,0.046015128,71.32472543,1.009203026,,"""""",15.29236559,1,6/27/24 0:54
1,"""000000000840003250681799""",000000000840003250681799,5/13/24 23:57,5/14/24 0:05,0:06:02,6522.833975,220.1478466,4701.867125,0,0,33.42034595,1.078752389,0.05733563,70.48564787,1.011467126,,"""""",15.42082878,1,6/27/24 0:54
1,"""000000000840003250681788""",000000000840003250681788,5/14/24 0:17,5/14/24 0:30,0:04:31,4691.522173,187.3052699,3733.529609,0,0,33.45268063,1.078041026,0.069394338,73.1015254,1.013878868,,"""""",15.29758237,1,6/28/24 0:51
1,"""000000000840003250681768""",000000000840003250681768,5/14/24 0:35,5/14/24 0:41,0:04:57,4497.420462,165.6048468,3234.262708,0,0,33.44414931,1.078228715,0.054325707,95.62257144,1.010865141,,"""""",14.86461195,1,6/28/24 0:51
1,"""000000000840003250681711""",000000000840003250681711,5/14/24 0:43,5/14/24 0:47,0:03:21,11394.17496,395.7138725,8406.926205,0,0,33.34041046,1.08051097,0.030202682,79.6073645,1.006040536,,"""""",14.84174172,1,6/28/24 0:51
1,"""000000000840003234513977""",000000000840003234513977,5/14/24 1:20,5/14/24 1:23,0:02:39,8350.66396,313.3827182,6010.504426,0,0,33.29456843,1.081519495,0.071465564,106.5048029,1.014293113,,"""""",14.34160824,1,6/28/24 0:51
1,"""000000000840003250681866""",000000000840003250681866,5/14/24 1:34,5/14/24 1:42,0:03:54,7083.808949,200.5363824,5477.923857,0,0,33.35020186,1.080295559,0.032148661,97.20223086,1.006429732,,"""""",13.87294977,1,6/28/24 0:51
1,"""000000000840003250681866""",000000000840003250681866,5/14/24 1:56,5/14/24 2:03,0:02:30,5300.241565,139.0157628,3483.528047,0,0,33.63702091,1.07398554,0.128943818,14.01040789,1.025788764,,"""""",12.96115264,1,6/28/24 0:51
1,"""000000000840003250681664""",000000000840003250681664,5/14/24 2:43,5/14/24 2:47,0:03:43,7713.503548,324.824517,4132.620446,0,0,33.44810369,1.078141719,0.086224533,70.58771597,1.017244907,,"""""",12.15804595,1,6/28/24 0:51
1,"""000000000840003250681788""",000000000840003250681788,5/14/24 2:49,5/14/24 2:53,0:03:26,4717.062767,168.5136736,3368.829368,0,0,33.81532839,1.070062775,0.183891552,22.34952173,1.03677831,,"""""",12.26227456,1,6/28/24 0:51
1,"""000000000840003234513955""",000000000840003234513955,5/14/24 3:23,5/14/24 3:28,0:02:43,6177.554662,227.6385958,3487.313376,0,0,33.5924982,1.07496504,0.145096484,26.32324566,1.029019297,,"""""",11.33151053,1,6/28/24 0:51
1,"""000000000840003250681866""",000000000840003250681866,5/14/24 4:27,5/14/24 4:30,0:02:20,7446.030251,196.2885207,4676.527338,0,0,33.54405582,1.076030772,0.034801983,73.55495409,1.006960397,,"""""",10.31561916,1,6/28/24 0:51
1,"""000000000840003250681788""",000000000840003250681788,5/14/24 5:43,5/14/24 5:47,0:02:42,4897.120937,170.077009,3475.99241,0,0,33.63515542,1.074026581,0.125201518,350.1599322,1.025040304,,"""""",9.257138226,1,6/28/24 0:51
1,"""000000000840003250681766""",000000000840003250681766,5/14/24 5:50,5/14/24 5:54,0:03:21,5449.683785,198.1678969,3811.062417,0,0,33.53594712,1.076209163,0.12269758,6.134306042,1.024539516,,"""""",9.238097092,1,6/28/24 0:51
1,"""000000000840003250681664""",000000000840003250681664,5/14/24 6:40,5/14/24 6:44,0:03:36,4870.806926,131.1734873,3579.196817,0,0,33.36040608,1.080071066,0.05652174,57.6560373,1.011304348,,"""""",8.667309292,1,6/28/24 0:51
1,"""000000000840003250681766""",000000000840003250681766,5/14/24 8:19,5/14/24 8:23,0:03:43,3679.143676,111.9764209,3184.114765,0,0,33.62404557,1.074270998,0.163089118,78.09631533,1.032617824,,"""""",10.55303144,1,6/28/24 0:51
1,"""000000000840003234513955""",000000000840003234513955,5/14/24 8:28,5/14/24 8:31,0:03:10,3696.25799,97.47457038,3107.462715,0,0,33.63438565,1.074043516,0.156233092,29.91493046,1.031246618,,"""""",11.04639607,1,6/28/24 0:51
1,"""000000000840003250681788""",000000000840003250681788,5/14/24 8:57,5/14/24 9:02,0:04:06,5833.931962,209.0195402,4570.118106,0,0,33.52256393,1.076503593,0.255302971,311.42562,1.051060594,,"""""",11.75841802,1,6/28/24 0:51
1,"""000000000840003234513977""",000000000840003234513977,5/14/24 9:02,5/14/24 9:06,0:02:13,4817.77876,103.4419574,3915.595421,0,0,33.55284283,1.075837458,0.175034404,318.9397182,1.035006881,,"""""",11.94838867,1,6/28/24 0:51
1,"""000000000840003250681799""",000000000840003250681799,5/14/24 10:46,5/14/24 10:53,0:02:08,5458.626414,155.6425242,3385.115377,0,0,33.41348992,1.078903222,0.229712205,344.0950337,1.045942441,,"""""",14.06020447,1,6/28/24 0:51
1,"""000000000840003250681766""",000000000840003250681766,5/14/24 12:17,5/14/24 12:29,0:03:54,6556.076619,180.861031,3654.893071,0,0,37.22644115,1,0.191319594,9.817356254,1.038263919,,"""""",16.70922259,1,6/28/24 0:51
1,"""000000000840003250681664""",000000000840003250681664,5/14/24 12:56,5/14/24 12:58,0:02:11,9189.655971,398.7299851,5719.602117,0,0,37.07375656,1,0.112146347,1.145606189,1.022429269,,"""""",17.34438241,1,6/28/24 0:51
1,"""000000000840003234513955""",000000000840003234513955,5/14/24 13:06,5/14/24 13:13,0:02:58,6719.05607,149.6615845,4183.861381,0,0,37.08104124,1,0.135441323,64.99659874,1.027088265,,"""""",17.71918209,1,6/28/24 0:51
1,"""000000000840003250681789""",000000000840003250681789,5/14/24 14:10,5/14/24 14:15,0:02:14,7422.356364,295.199085,4853.624125,0,0,36.95247756,1.001045494,0.116756303,266.4516448,1.023351261,,"""""",18.62750312,1,6/28/24 0:51
1,"""000000000840003250681866""",000000000840003250681866,5/14/24 14:18,5/14/24 14:22,0:02:28,8985.070092,332.419611,5288.223816,0,0,37.05194728,1,0.091911171,247.4202643,1.018382234,,"""""",18.85359996,1,6/28/24 0:51
1,"""000000000840003250681788""",000000000840003250681788,5/14/24 14:24,5/14/24 14:34,0:03:13,4861.940295,94.9253064,3689.303398,0,0,36.98088304,1.000420573,0.163514407,275.2266147,1.032702881,,"""""",19.06673877,1,6/28/24 0:51
1,"""000000000840003250681649""",000000000840003250681649,5/14/24 14:50,5/14/24 14:53,0:02:58,11050.28883,398.2116001,8243.669922,0,0,36.83901201,1.003541736,0.126146119,354.0409272,1.025229224,,"""""",19.28552565,1,6/28/24 0:51
1,"""000000000840003250681711""",000000000840003250681711,5/14/24 14:55,5/14/24 14:58,0:02:48,8791.457402,272.0895539,5843.800959,0,0,36.85929999,1.0030954,0.085941656,321.9438631,1.017188331,,"""""",19.47940796,1,6/28/24 0:51
1,"""000000000840003250681689""",000000000840003250681689,5/14/24 15:03,5/14/24 15:20,0:03:14,9440.909771,295.9369746,5847.605076,0,0,36.82803244,1.003783286,0.038241209,278.8376661,1.007648242,,"""""",19.52636555,1,6/28/24 0:51
1,"""000000000840003234513955""",000000000840003234513955,5/14/24 15:33,5/14/24 15:38,0:03:08,8290.214609,240.1882249,6199.660979,0,0,36.81793807,1.004005362,0.140467212,13.90835008,1.028093442,,"""""",19.63031577,1,6/28/24 0:51
1,"""000000000840003250681766""",000000000840003250681766,5/14/24 16:36,5/14/24 16:53,0:06:20,9953.24577,261.7109427,6418.19988,0,0,36.64696426,1.007766786,0.040022788,318.7953481,1.008004558,,"""""",20.35080514,1,6/28/24 0:51
1,"""000000000840003250681809""",000000000840003250681809,5/14/24 17:24,5/14/24 17:30,0:05:24,13527.40043,550.6014508,8180.830818,0,0,36.59571398,1.008894292,0.021332372,290.6106797,1.004266474,,"""""",20.4663561,1,6/28/24 0:51
1,"""000000000840003250681649""",000000000840003250681649,5/14/24 17:35,5/14/24 17:40,0:02:34,9694.118219,336.8379094,6982.687187,0,0,36.52042782,1.010550588,0.039615631,301.6567519,1.007923126,,"""""",20.47170798,1,6/28/24 0:51
1,"""000000000840003234513977""",000000000840003234513977,5/14/24 18:10,5/14/24 18:19,0:03:35,10471.65371,324.6841626,6331.161402,0,0,36.52378702,1.010476686,0.084005551,316.8319496,1.01680111,,"""""",20.62954271,1,6/28/24 0:51
1,"""000000000840003250681866""",000000000840003250681866,5/14/24 19:06,5/14/24 19:11,0:02:52,13111.6059,417.9514704,9109.424779,0,0,36.52959202,1.010348975,0.02900471,276.1956743,1.005800942,,"""""",20.15146731,1,6/28/24 0:51
1,"""000000000840003234513955""",000000000840003234513955,5/14/24 19:52,5/14/24 19:55,0:02:32,14799.89338,565.2360592,9482.781386,0,0,36.51085634,1.01076116,0,270.2140713,1,,"""""",20.11257735,1,6/28/24 0:51
1,"""000000000840003250681689""",000000000840003250681689,5/14/24 20:40,5/14/24 20:46,0:04:57,16274.54201,545.1429258,11665.24266,0,0,36.51256739,1.010723517,0.023960811,289.0178852,1.004792162,,"""""",19.26263407,1,6/28/24 0:51
1,"""000000000840003250681234""",000000000840003250681234,5/14/24 21:16,5/14/24 21:23,0:02:03,14231.78787,658.5333361,8920.089636,0,0,36.47819103,1.011479797,0,137.9248308,1,,"""""",18.59478347,1,6/28/24 0:51
1,"""000000000840003250681766""",000000000840003250681766,5/14/24 21:41,5/14/24 21:44,0:02:44,12226.1606,448.4213003,8234.776783,0,0,36.57751837,1.009294596,0.001965672,119.2623382,1.000393134,,"""""",17.25777551,1,6/28/24 0:51
1,"""000000000840003250681711""",000000000840003250681711,5/14/24 23:58,5/15/24 0:02,0:03:25,14086.22301,473.5278278,9253.923273,0,0,36.60108409,1.00877615,0.00698287,100.6968036,1.001396574,,"""""",14.1361969,1,6/28/24 0:51
1,"""000000000840003250681689""",000000000840003250681689,5/15/24 0:02,5/15/24 0:10,0:05:21,9971.146985,358.627351,7263.671327,0,0,36.60977179,1.008585021,0.011297176,91.84561533,1.002259435,,"""""",14.32204712,1,6/29/24 0:49
1,"""000000000840003250681866""",000000000840003250681866,5/15/24 0:25,5/15/24 0:33,0:04:15,11297.1438,297.8979471,8371.823395,0,0,36.56011048,1.009677569,0,112.5612525,1,,"""""",13.28966331,1,6/29/24 0:49
1,"""000000000840003250681788""",000000000840003250681788,5/15/24 1:12,5/15/24 1:24,0:06:45,10449.91158,380.981626,7260.487619,0,0,36.55298175,1.009834402,0,102.4039892,1,,"""""",12.98123074,1,6/29/24 0:49
1,"""000000000840003250681866""",000000000840003250681866,5/15/24 1:40,5/15/24 1:45,0:03:27,11245.312,264.1788985,8508.850865,0,0,36.5304807,1.010329425,0.003254385,3.206235204,1.000650877,,"""""",12.86288283,1,6/29/24 0:49
1,"""000000000840003250681789""",000000000840003250681789,5/15/24 3:09,5/15/24 3:22,0:04:41,7193.084837,163.2279554,5433.569717,0,0,36.52105898,1.010536702,0.039714305,57.66435747,1.007942861,,"""""",10.44232436,1,6/29/24 0:49
1,"""000000000840003250681655""",000000000840003250681655,5/15/24 3:59,5/15/24 4:05,0:02:12,6998.28677,75.2329926,4540.512496,0,0,36.53765598,1.010171568,0.018345599,80.59133135,1.00366912,,"""""",10.15312598,1,6/29/24 0:49
1,"""000000000840003250681866""",000000000840003250681866,5/15/24 4:13,5/15/24 4:18,0:02:48,11008.60033,427.4827215,6918.166662,0,0,36.5398337,1.010123659,0.055618736,46.98156171,1.011123747,,"""""",10.20495566,1,6/29/24 0:49
1,"""000000000840003250681788""",000000000840003250681788,5/15/24 4:28,5/15/24 4:32,0:04:00,6150.564846,149.5348348,4340.798559,0,0,36.53810768,1.010161631,0.011034672,59.42175061,1.002206934,,"""""",9.932569085,1,6/29/24 0:49
1,"""000000000840003250681788""",000000000840003250681788,5/15/24 4:37,5/15/24 4:41,0:02:11,6241.347543,184.7936349,4196.730139,0,0,36.58710417,1.009083708,0.030541122,76.95484374,1.006108224,,"""""",9.829800596,1,6/29/24 0:49
1,"""000000000840003234513955""",000000000840003234513955,5/15/24 5:50,5/15/24 5:55,0:04:30,8415.785867,345.2844521,5535.351422,0,0,36.63076374,1.008123198,0.028846658,74.41172319,1.005769332,,"""""",9.088535889,1,6/29/24 0:49
1,"""000000000840003250681809""",000000000840003250681809,5/15/24 6:00,5/15/24 6:04,0:03:45,6743.631261,262.0910025,4141.564506,0,0,36.61230757,1.008529233,0.047160917,90.89955739,1.009432183,,"""""",9.250538961,1,6/29/24 0:49
1,"""000000000840003250681766""",000000000840003250681766,5/15/24 6:24,5/15/24 6:30,0:02:16,7233.622452,133.1441373,4826.871955,0,0,36.57589228,1.00933037,0.035089973,103.2433901,1.007017995,,"""""",8.935353809,1,6/29/24 0:49
1,"""000000000840003250681689""",000000000840003250681689,5/15/24 6:53,5/15/24 7:00,0:03:10,6843.484702,218.5818171,4762.935988,0,0,36.53062914,1.010326159,0.040978889,300.2329814,1.008195778,,"""""",9.218287998,1,6/29/24 0:49
1,"""000000000840003250681789""",000000000840003250681789,5/15/24 7:40,5/15/24 7:44,0:03:28,13263.2772,375.2450692,9497.077741,0,0,36.52040159,1.010551165,0.014325369,97.70426105,1.002865074,,"""""",10.68607513,1,6/29/24 0:49
1,"""000000000840003250681866""",000000000840003250681866,5/15/24 7:52,5/15/24 7:58,0:02:19,8237.66956,240.2794471,5736.46232,0,0,36.54701881,1.009965586,0.063901614,128.2234908,1.012780323,,"""""",11.50722157,1,6/29/24 0:49
1,"""000000000840003250681664""",000000000840003250681664,5/15/24 8:08,5/15/24 8:14,0:05:10,7178.962768,156.2628636,5835.71898,0,0,36.55383526,1.009815624,0.041419621,93.24559286,1.008283924,,"""""",12.0502403,1,6/29/24 0:49
1,"""000000000840003250681788""",000000000840003250681788,5/15/24 8:19,5/15/24 8:24,0:03:35,5984.453903,180.6067076,4740.118598,0,0,36.63192044,1.00809775,0.097927011,38.57046402,1.019585402,,"""""",12.31434125,1,6/29/24 0:49
1,"""000000000840003234513977""",000000000840003234513977,5/15/24 9:15,5/15/24 9:18,0:02:10,11306.63079,434.5494097,6794.52824,0,0,36.41434525,1.012884404,0.105188146,6.101451087,1.021037629,,"""""",14.25594405,1,6/29/24 0:49
1,"""000000000840003234513955""",000000000840003234513955,5/15/24 9:22,5/15/24 9:28,0:03:11,8363.010221,316.9871439,4990.943941,0,0,36.4272435,1.012600643,0.02013221,67.03307297,1.004026442,,"""""",14.51130139,1,6/29/24 0:49
1,"""000000000840003250681789""",000000000840003250681789,5/15/24 10:00,5/15/24 10:02,0:02:07,11740.12301,459.7215623,8836.86754,0,0,36.37216291,1.013812416,0,51.57114727,1,,"""""",15.95455138,1,6/29/24 0:49
1,"""000000000840003250681655""",000000000840003250681655,5/15/24 11:07,5/15/24 11:11,0:02:02,7022.951987,139.7208976,4709.678967,0,0,36.3471027,1.014363741,0.015448241,126.758244,1.003089648,,"""""",18.07101672,1,6/29/24 0:49
1,"""000000000840003250681788""",000000000840003250681788,5/15/24 11:34,5/15/24 11:37,0:03:00,7032.212574,209.8925522,4686.849519,0,0,36.37001336,1.013859706,0.104272833,352.8226915,1.020854567,,"""""",18.38630084,1,6/29/24 0:49
1,"""000000000840003250681788""",000000000840003250681788,5/15/24 12:00,5/15/24 12:04,0:02:34,5706.624391,169.9650103,4055.537866,0,0,36.25920111,1.016297576,0.12835307,272.13235,1.025670614,,"""""",18.9216942,1,6/29/24 0:49
1,"""000000000840003250681789""",000000000840003250681789,5/15/24 12:12,5/15/24 12:17,0:02:36,10061.42155,378.1722804,6187.362769,0,0,36.25780009,1.016328398,0.160293393,316.6636316,1.032058679,,"""""",19.24204628,1,6/29/24 0:49
1,"""000000000840003250681689""",000000000840003250681689,5/15/24 12:18,5/15/24 12:20,0:02:42,8844.748638,289.6979567,6655.637875,0,0,36.19961192,1.017608538,0.084277804,279.3521055,1.016855561,,"""""",19.5920977,1,6/29/24 0:49
1,"""000000000840003250681766""",000000000840003250681766,5/15/24 12:21,5/15/24 12:30,0:03:01,18365.82254,630.9148769,11764.95638,0,0,36.22590192,1.017030158,0.068298258,256.6589693,1.013659652,,"""""",20.03545626,1,6/29/24 0:49
1,"""000000000840003234513977""",000000000840003234513977,5/15/24 12:56,5/15/24 12:59,0:02:47,10567.67441,411.8931885,7673.25336,0,0,36.13417663,1.019048114,0.092901643,236.5131294,1.018580329,,"""""",19.96221923,1,6/29/24 0:49
1,"""000000000840003250681789""",000000000840003250681789,5/15/24 13:01,5/15/24 13:05,0:02:47,12824.54589,490.403965,9089.742274,0,0,36.14590931,1.018789995,0.079224095,296.6665,1.015844819,,"""""",20.3796739,1,6/29/24 0:49
1,"""000000000840003250681655""",000000000840003250681655,5/15/24 13:05,5/15/24 13:08,0:02:26,10892.80041,383.6203793,6771.201211,0,0,36.1458461,1.018791386,0.045760884,55.16872413,1.009152177,,"""""",20.60574172,1,6/29/24 0:49
1,"""000000000840003250681655""",000000000840003250681655,5/15/24 13:31,5/15/24 13:43,0:03:04,10610.85798,317.7722416,6963.166249,0,0,36.04938824,1.020913459,0.097077546,53.29273535,1.019415509,,"""""",20.65573986,1,6/29/24 0:49
1,"""000000000840003234513955""",000000000840003234513955,5/15/24 14:54,5/15/24 14:59,0:03:14,14683.83154,562.4969355,9304.08999,0,0,35.99742996,1.022056541,0.160294481,290.6876995,1.032058896,,"""""",21.77782065,1,6/29/24 0:49
1,"""000000000840003250681711""",000000000840003250681711,5/15/24 15:10,5/15/24 15:14,0:03:43,14553.30033,590.0400523,9915.241689,0,0,35.91770193,1.023810557,0.181250108,283.8243639,1.036250022,,"""""",21.60908777,1,6/29/24 0:49
1,"""000000000840003250681655""",000000000840003250681655,5/15/24 15:25,5/15/24 15:29,0:02:56,11508.32146,393.7658932,7383.240556,0,0,35.91832544,1.02379684,0.023893182,305.4378688,1.004778636,,"""""",21.45274866,1,6/29/24 0:49
1,"""000000000840003234513955""",000000000840003234513955,5/15/24 16:56,5/15/24 17:00,0:03:26,10291.28737,414.4262932,5713.409706,0,0,35.60005769,1.030798731,0.009252398,227.3846405,1.00185048,,"""""",21.89754342,1,6/29/24 0:49
1,"""000000000840003250681789""",000000000840003250681789,5/15/24 17:02,5/15/24 17:08,0:04:34,9953.279972,324.6551577,6316.144303,0,0,35.62348249,1.030283385,0.04923454,341.2094183,1.009846908,,"""""",22.04290852,1,6/29/24 0:49
1,"""000000000840003234513977""",000000000840003234513977,5/15/24 17:19,5/15/24 17:22,0:02:39,14329.89967,581.1924052,8888.916169,0,0,35.61349947,1.030503012,0.155838896,249.6631439,1.031167779,,"""""",22.14120253,1,6/29/24 0:49
1,"""000000000840003250681711""",000000000840003250681711,5/15/24 18:45,5/15/24 18:49,0:02:09,10211.58984,257.7340274,7431.909045,0,0,35.58979114,1.031024595,0.016852539,45.16994586,1.003370508,,"""""",21.08744394,1,6/29/24 0:49
1,"""000000000840003250681233""",000000000840003250681233,5/15/24 19:46,5/15/24 19:52,0:02:18,14401.40081,476.9877027,9742.270332,0,0,35.51210681,1.03273365,0.008576662,346.643422,1.001715332,,"""""",20.79827732,1,6/29/24 0:49
1,"""000000000840003250681655""",000000000840003250681655,5/15/24 20:11,5/15/24 20:16,0:03:44,13759.28668,453.0026888,9500.496558,0,0,35.5537934,1.031816545,0.025187781,347.222369,1.005037556,,"""""",20.07956833,1,6/29/24 0:49
1,"""000000000840003234513955""",000000000840003234513955,5/15/24 20:20,5/15/24 20:23,0:02:59,15167.75112,538.471936,10131.53239,0,0,35.55988645,1.031682498,0.060688913,332.8259254,1.012137783,,"""""",20.1553761,1,6/29/24 0:49
1,"""000000000840003250681789""",000000000840003250681789,5/15/24 20:43,5/15/24 20:46,0:02:39,11418.65048,357.6720898,7955.760669,0,0,35.56988527,1.031462524,0.038459919,27.55880797,1.007691984,,"""""",19.54717628,1,6/29/24 0:49
1,"""000000000840003250681655""",000000000840003250681655,5/15/24 21:14,5/15/24 21:19,0:02:02,7556.512577,200.7786511,4444.787027,0,0,35.60285669,1.030737153,0.101351864,268.7434351,1.020270373,,"""""",18.49408452,1,6/29/24 0:49
1,"""000000000840003250681664""",000000000840003250681664,5/15/24 22:23,5/15/24 22:27,0:03:11,10298.63049,396.1261744,6785.467022,0,0,35.64958608,1.029709106,0.072187405,56.20631772,1.014437481,,"""""",16.66817215,1,6/29/24 0:49
1,"""000000000840003250681689""",000000000840003250681689,5/15/24 22:45,5/15/24 22:54,0:05:46,10135.64821,413.673093,6649.164419,0,0,35.59807112,1.030842435,0.047310467,87.20901548,1.009462093,,"""""",16.52926716,1,6/29/24 0:49
1,"""000000000840003234513977""",000000000840003234513977,5/15/24 23:45,5/15/24 23:49,0:03:15,10855.30901,326.054854,6964.328438,0,0,35.54109426,1.032095926,0.048989338,90.18925425,1.009797868,,"""""",15.29395469,1,6/29/24 0:49
1,"""000000000840003250681788""",000000000840003250681788,5/16/24 0:13,5/16/24 0:19,0:04:34,8210.390968,226.4231228,5834.438011,0,0,35.52258181,1.0325032,0.021697096,98.24634173,1.004339419,,"""""",15.07598527,1,6/30/24 0:48
1,"""000000000840003250681655""",000000000840003250681655,5/16/24 0:23,5/16/24 0:41,0:03:53,9338.073464,227.209988,6169.436359,0,0,35.45745001,1.0339361,0.022342127,70.33331588,1.004468425,,"""""",14.74472408,1,6/30/24 0:48
1,"""000000000840003250681766""",000000000840003250681766,5/16/24 1:16,5/16/24 1:24,0:05:22,9127.314162,382.4462623,6464.479597,0,0,35.42404341,1.034671045,0.010717138,97.12677538,1.002143428,,"""""",14.21507008,1,6/30/24 0:48
1,"""000000000840003250681721""",000000000840003250681721,5/16/24 2:11,5/16/24 2:15,0:02:18,12255.46713,516.0028248,7650.522896,0,0,35.35729586,1.036139491,0.008453552,91.41798063,1.00169071,,"""""",13.43845505,1,6/30/24 0:48
1,"""000000000840003250681234""",000000000840003250681234,5/16/24 3:02,5/16/24 3:10,0:03:52,7580.365128,276.6474056,5228.320174,0,0,35.3866705,1.035493249,0.024435788,88.44604512,1.004887158,,"""""",13.1594478,1,6/30/24 0:48
1,"""000000000840003250681766""",000000000840003250681766,5/16/24 4:06,5/16/24 4:11,0:03:31,5896.011299,106.9362984,4537.888526,0,0,35.29195088,1.037577081,0,119.1992658,1,,"""""",14.26908509,1,6/30/24 0:48
1,"""000000000840003250681788""",000000000840003250681788,5/16/24 4:28,5/16/24 4:36,0:04:25,9774.075045,307.3259413,6502.019256,0,0,35.25834811,1.038316342,0.003387895,79.43613953,1.000677579,,"""""",13.82361194,1,6/30/24 0:48
1,"""000000000840003250681649""",000000000840003250681649,5/16/24 5:35,5/16/24 5:38,0:02:41,8709.919103,255.0655176,6378.919977,0,0,35.2542473,1.038406559,0.020605154,82.17592811,1.004121031,,"""""",12.91267171,1,6/30/24 0:48
1,"""000000000840003250681788""",000000000840003250681788,5/16/24 8:08,5/16/24 8:11,0:02:18,9853.255532,176.4440356,7151.216865,0,0,34.79426053,1.048526268,0.033103201,241.3212275,1.00662064,,"""""",11.33001706,1,6/30/24 0:48
1,"""000000000840003234513977""",000000000840003234513977,5/16/24 9:23,5/16/24 9:25,0:02:21,13674.92418,452.602016,8246.880918,0,0,34.80814469,1.048220817,0.107338218,280.4996228,1.021467644,,"""""",12.8225818,1,6/30/24 0:48
1,"""000000000840003250681234""",000000000840003250681234,5/16/24 9:27,5/16/24 9:32,0:04:22,14455.56738,517.8760518,9850.070109,0,0,34.83882801,1.047545784,0.2303333,261.5850135,1.04606666,,"""""",13.16761976,1,6/30/24 0:48
1,"""000000000840003250681664""",000000000840003250681664,5/16/24 11:05,5/16/24 11:10,0:03:24,12182.50795,411.9954452,9599.736411,0,0,34.84763159,1.047352105,0.054921991,301.703543,1.010984398,,"""""",14.21261901,1,6/30/24 0:48
1,"""000000000840003250681788""",000000000840003250681788,5/16/24 11:21,5/16/24 11:24,0:02:42,12340.24907,382.4707189,8596.84376,0,0,34.87040122,1.046851173,0.058049507,345.9127837,1.011609901,,"""""",15.1691117,1,6/30/24 0:48
1,"""000000000840003250681689""",000000000840003250681689,5/16/24 12:07,5/16/24 12:18,0:05:31,10867.92064,322.0533606,7456.206229,0,0,34.83300802,1.047673823,0.302545409,323.7701272,1.060509082,,"""""",15.61525358,1,6/30/24 0:48
1,"""000000000840003250681655""",000000000840003250681655,5/16/24 12:38,5/16/24 12:41,0:02:26,12795.9476,391.3385899,8459.616155,0,0,34.792913,1.048555914,0.296492589,331.8148645,1.059298518,,"""""",16.04871785,1,6/30/24 0:48
1,"""000000000840003250681234""",000000000840003250681234,5/16/24 13:07,5/16/24 13:11,0:03:52,13773.83261,561.3211518,8883.820569,0,0,34.73212593,1.04989323,0.424786059,312.3537966,1.084957212,,"""""",16.84308703,1,6/30/24 0:48
1,"""000000000840003250681664""",000000000840003250681664,5/16/24 13:30,5/16/24 13:37,0:04:25,17266.73584,738.7663235,10468.76448,0,0,34.70992587,1.050381631,0.517900757,314.1816649,1.103580151,,"""""",17.73264837,1,6/30/24 0:48
1,"""000000000840003250681788""",000000000840003250681788,5/16/24 14:05,5/16/24 14:07,0:02:03,8972.14452,317.9153613,6659.06495,0,0,34.70242142,1.050546729,0.257878211,354.2418242,1.051575642,,"""""",18.23390119,1,6/30/24 0:48
1,"""000000000840003234513977""",000000000840003234513977,5/16/24 14:08,5/16/24 14:11,0:02:23,13163.26866,400.9256459,9159.334976,0,0,34.67890071,1.051064184,0.385022878,329.4887944,1.077004576,,"""""",18.67034235,1,6/30/24 0:48
1,"""000000000840003250681766""",000000000840003250681766,5/16/24 15:41,5/16/24 15:48,0:03:28,7533.434194,202.5978665,5185.244752,0,0,34.75631977,1.049360965,0.505290306,353.8472892,1.101058061,,"""""",20.2830033,1,6/30/24 0:48
1,"""000000000840003250681788""",000000000840003250681788,5/16/24 16:40,5/16/24 16:43,0:02:06,11017.21302,335.1653924,6999.700117,0,0,34.70307304,1.050532393,0.57710725,351.3545935,1.11542145,,"""""",21.02456873,1,6/30/24 0:48
1,"""000000000840003250681689""",000000000840003250681689,5/16/24 16:59,5/16/24 17:04,0:04:43,12027.07966,518.7497281,7781.699454,0,0,34.83914345,1.047538844,0.338275026,355.6021735,1.067655005,,"""""",21.42349018,1,6/30/24 0:48
1,"""000000000840003250681655""",000000000840003250681655,5/16/24 17:44,5/16/24 17:46,0:02:31,10917.94552,429.2829862,6768.351234,0,0,34.86704751,1.046924955,0.203020251,83.43361184,1.04060405,,"""""",20.86739083,1,6/30/24 0:48
1,"""000000000840003250681233""",000000000840003250681233,5/16/24 18:44,5/16/24 18:51,0:02:25,12270.01779,377.9070558,8347.531005,0,0,34.88430726,1.04654524,0.158457011,9.673314521,1.031691402,,"""""",19.86159804,1,6/30/24 0:48
1,"""000000000840003250681664""",000000000840003250681664,5/16/24 20:07,5/16/24 20:11,0:04:05,19181.34843,767.7966232,11613.00214,0,0,34.86126132,1.047052251,0.104891124,49.46900683,1.020978225,,"""""",19.40711034,1,6/30/24 0:48
1,"""000000000840003234513955""",000000000840003234513955,5/16/24 20:39,5/16/24 20:42,0:02:16,15829.96157,672.7865507,10341.29456,0,0,34.88268102,1.046581018,0.089500219,27.70784811,1.017900044,,"""""",19.34780646,1,6/30/24 0:48
1,"""000000000840003250681234""",000000000840003250681234,5/16/24 21:10,5/16/24 21:16,0:03:24,16399.77934,678.770385,10018.18751,0,0,34.90321975,1.046129166,0.111825102,52.19923797,1.02236502,,"""""",19.73094119,1,6/30/24 0:48
1,"""000000000840003250681711""",000000000840003250681711,5/16/24 21:17,5/16/24 21:21,0:02:59,18886.86029,805.2985402,12282.2431,0,0,34.92307373,1.045692378,0.106550982,52.01012534,1.021310196,,"""""",19.86294661,1,6/30/24 0:48
1,"""000000000840003250681766""",000000000840003250681766,5/16/24 21:43,5/16/24 21:49,0:02:11,12865.62754,588.8359108,8113.333441,0,0,34.92543358,1.045640461,0.042263549,21.56808642,1.00845271,,"""""",19.69523505,1,6/30/24 0:48
1,"""000000000840003250681788""",000000000840003250681788,5/17/24 0:16,5/17/24 0:19,0:03:31,10778.6307,344.7870964,7419.515311,0,0,34.8770534,1.046704825,0,119.2821671,1,,"""""",17.02585846,1,7/1/24 0:50
1,"""000000000840003250681234""",000000000840003250681234,5/17/24 0:28,5/17/24 0:33,0:03:37,21487.25385,809.2271433,14404.32667,0,0,34.82750998,1.04779478,0,200.0776206,1,,"""""",16.93779373,1,7/1/24 0:50
1,"""000000000840003234513977""",000000000840003234513977,5/17/24 0:38,5/17/24 0:44,0:02:38,14908.7829,524.2589105,9590.688426,0,0,34.7767169,1.048912228,0,85.46585558,1,,"""""",17.30804011,1,7/1/24 0:50
1,"""000000000840003250681788""",000000000840003250681788,5/17/24 2:57,5/17/24 3:01,0:02:59,11768.98064,390.3524808,8276.797463,0,0,34.66292526,1.051415644,0,33.10311539,1,,"""""",14.32726116,1,7/1/24 0:50
1,"""000000000840003250681655""",000000000840003250681655,5/17/24 4:21,5/17/24 4:23,0:02:05,13028.71691,355.4302652,8394.340328,0,0,34.68170133,1.051002571,0,242.9740599,1,,"""""",13.9323085,1,7/1/24 0:50
1,"""000000000840003250681689""",000000000840003250681689,5/17/24 6:11,5/17/24 6:14,0:03:04,13058.44607,488.5241574,8963.475056,0,0,34.60523629,1.052684802,0,336.6194707,1,,"""""",14.26176184,1,7/1/24 0:50
1,"""000000000840003250681234""",000000000840003250681234,5/17/24 6:56,5/17/24 7:04,0:03:48,12300.20186,254.7071571,9201.30501,0,0,34.61488922,1.052472437,0.018549891,264.9252098,1.003709978,,"""""",14.55306188,1,7/1/24 0:50
1,"""000000000840003234513955""",000000000840003234513955,5/17/24 8:25,5/17/24 8:28,0:03:31,10748.94172,244.96177,7961.615872,0,0,34.8031554,1.048330581,0.060276427,298.6815611,1.012055285,,"""""",16.57810019,1,7/1/24 0:50
1,"""000000000840003250681664""",000000000840003250681664,5/17/24 9:14,5/17/24 9:17,0:02:13,17492.1686,621.506047,11553.74841,0,0,34.7066363,1.050454001,0.042343614,339.6773953,1.008468723,,"""""",18.57813977,1,7/1/24 0:50
1,"""000000000840003250681766""",000000000840003250681766,5/17/24 10:29,5/17/24 10:36,0:02:37,11839.58672,429.8100527,8379.763007,0,0,34.9098551,1.045983188,0.23353478,339.0196466,1.046706956,,"""""",20.63629718,1,7/1/24 0:50
1,"""000000000840003250681789""",000000000840003250681789,5/17/24 13:19,5/17/24 13:22,0:02:07,12499.23547,497.957363,9051.689299,0,0,34.8432309,1.04744892,0.21503701,257.7935944,1.043007402,,"""""",22.88098996,1,7/1/24 0:50
1,"""000000000840003250681788""",000000000840003250681788,5/17/24 14:01,5/17/24 14:04,0:02:13,8686.630157,261.6745871,7201.540127,0,0,34.79621854,1.048483192,0.289885448,353.8626759,1.05797709,,"""""",23.84861052,1,7/1/24 0:50
1,"""000000000840003250681768""",000000000840003250681768,5/17/24 14:11,5/17/24 14:14,0:02:35,10450.14881,343.8958786,7664.530632,0,0,34.85386749,1.047214915,0.126956979,270.6904405,1.025391396,,"""""",24.00465594,1,7/1/24 0:50
1,"""000000000840003250681689""",000000000840003250681689,5/17/24 14:33,5/17/24 14:36,0:02:31,15057.25409,533.0368362,10920.08785,0,0,34.7855334,1.048718265,0.189245677,328.757963,1.037849135,,"""""",24.23463806,1,7/1/24 0:50
1,"""000000000840003250681655""",000000000840003250681655,5/17/24 15:23,5/17/24 15:30,0:02:50,12482.33412,471.2100527,7730.129412,0,0,34.74330165,1.049647364,0.197445886,353.1995319,1.039489177,,"""""",24.81721296,1,7/1/24 0:50
1,"""000000000840003250681289""",000000000840003250681289,5/17/24 16:29,5/17/24 16:35,0:03:22,9247.277742,446.2377444,6967.070783,0,0,34.72441739,1.050062817,0.300234751,308.1374151,1.06004695,,"""""",24.9029876,1,7/1/24 0:50
1,"""000000000840003250681788""",000000000840003250681788,5/17/24 16:36,5/17/24 16:38,0:02:13,10154.66159,386.7323686,6922.069274,0,0,34.7575372,1.049334182,0.297005456,318.0990557,1.059401091,,"""""",25.10652457,1,7/1/24 0:50
1,"""000000000840003250681711""",000000000840003250681711,5/17/24 16:55,5/17/24 16:58,0:02:33,13997.17704,572.5288194,9914.237341,0,0,34.77483856,1.048953552,0.191896587,272.110216,1.038379317,,"""""",25.3390469,1,7/1/24 0:50
1,"""000000000840003250681768""",000000000840003250681768,5/17/24 18:43,5/17/24 18:47,0:02:30,11646.86665,518.8201535,7553.130474,0,0,34.72768786,1.049990867,0.340767337,45.75994724,1.068153467,,"""""",25.2129449,1,7/1/24 0:50
1,"""000000000840003250681234""",000000000840003250681234,5/17/24 18:48,5/17/24 18:54,0:04:42,9581.609404,376.26792,6966.994722,0,0,34.72310791,1.050091626,0.402182123,69.20827478,1.080436425,,"""""",25.29323276,1,7/1/24 0:50
1,"""000000000840003250681766""",000000000840003250681766,5/17/24 19:13,5/17/24 19:18,0:03:15,11287.98663,351.6832122,8339.618051,0,0,34.72390485,1.050074093,0.131048979,287.1496476,1.026209796,,"""""",25.05666045,1,7/1/24 0:50
1,"""000000000840003250681661""",000000000840003250681661,5/17/24 20:07,5/17/24 20:12,0:04:33,13455.8578,431.5787995,9339.195645,0,0,34.66985224,1.051263251,0.047843438,268.6774193,1.009568688,,"""""",23.83955219,1,7/1/24 0:50
1,"""000000000840003250681661""",000000000840003250681661,5/17/24 20:20,5/17/24 20:26,0:04:43,10300.49699,277.9795059,7513.722443,0,0,34.66251986,1.051424563,0.115388109,39.33077308,1.023077622,,"""""",23.54440586,1,7/1/24 0:50
1,"""000000000840003250681289""",000000000840003250681289,5/17/24 20:31,5/17/24 20:36,0:02:10,12636.19792,489.7383712,7989.79719,0,0,34.6561338,1.051565056,0.044157361,62.16559185,1.008831472,,"""""",23.40610083,1,7/1/24 0:50
1,"""000000000840003250681661""",000000000840003250681661,5/17/24 20:46,5/17/24 20:49,0:02:15,11242.99466,289.5201048,8352.051631,0,0,34.67924417,1.051056628,0.07601012,336.0343849,1.015202024,,"""""",22.9046203,1,7/1/24 0:50
1,"""000000000840003250681689""",000000000840003250681689,5/17/24 20:55,5/17/24 20:59,0:03:57,15109.14943,488.2225527,10164.13086,0,0,34.70099865,1.05057803,0.048166,314.8563253,1.0096332,,"""""",22.7232955,1,7/1/24 0:50
1,"""000000000840003250681234""",000000000840003250681234,5/17/24 21:50,5/17/24 21:54,0:02:27,14045.12316,553.3405046,9742.684197,0,0,34.68366555,1.050959358,0.161304909,28.38101427,1.032260982,,"""""",22.41168134,1,7/1/24 0:50
1,"""000000000840003250681711""",000000000840003250681711,5/17/24 21:57,5/17/24 22:00,0:03:00,13659.24208,477.0315245,8874.691376,0,0,34.71451859,1.050280591,0.140844676,8.43069089,1.028168935,,"""""",22.14290871,1,7/1/24 0:50
1,"""000000000840003250681245""",000000000840003250681245,5/17/24 22:13,5/17/24 22:19,0:02:51,22714.12055,826.6261383,14084.36793,0,0,34.71879792,1.050186446,0.152833806,50.91753821,1.030566761,,"""""",21.9174551,1,7/1/24 0:50
1,"""000000000840003250681655""",000000000840003250681655,5/17/24 22:25,5/17/24 22:34,0:03:49,11239.89882,340.6086136,7092.060399,0,0,34.68497358,1.050930581,0.147994104,36.33955346,1.029598821,,"""""",21.82778454,1,7/1/24 0:50
1,"""000000000840003250681289""",000000000840003250681289,5/18/24 0:09,5/18/24 0:16,0:02:55,13752.81652,525.0102414,8994.297875,0,0,34.69757231,1.050653409,0.051851862,271.2928146,1.010370372,,"""""",20.2531839,1,7/2/24 0:50
1,"""000000000840003250681664""",000000000840003250681664,5/18/24 0:42,5/18/24 0:48,0:04:54,18235.00892,714.8822499,11226.75996,0,0,34.69339125,1.050745392,0.020812109,61.8201316,1.004162422,,"""""",20.21647558,1,7/2/24 0:50
1,"""000000000840003250681664""",000000000840003250681664,5/18/24 2:02,5/18/24 2:06,0:02:06,12903.35125,461.8160375,9025.914327,0,0,34.57482857,1.053353772,0.029245202,293.6775051,1.00584904,,"""""",18.48989138,1,7/2/24 0:50
1,"""000000000840003250681766""",000000000840003250681766,5/18/24 2:10,5/18/24 2:17,0:04:22,11100.09094,482.844778,7390.427549,0,0,34.18015036,1.062036692,0.131303812,269.4617702,1.026260762,,"""""",19.0892378,1,7/2/24 0:50
1,"""000000000840003250681664""",000000000840003250681664,5/18/24 3:31,5/18/24 3:35,0:03:51,21564.2237,1021.018294,12336.50589,0,0,34.24881169,1.060526143,0.038243548,311.4511563,1.00764871,,"""""",18.14099727,1,7/2/24 0:50
1,"""000000000840003250681289""",000000000840003250681289,5/18/24 4:04,5/18/24 4:13,0:03:50,11173.29802,385.8096202,6947.625168,0,0,34.23022698,1.060935006,0.00084509,149.6511492,1.000169018,,"""""",18.22854561,1,7/2/24 0:50
1,"""000000000840003250681661""",000000000840003250681661,5/18/24 4:37,5/18/24 4:48,0:04:26,13798.71583,510.4470503,8510.542392,0,0,34.53537494,1.054221751,0.040451737,242.9798934,1.008090347,,"""""",17.42338345,1,7/2/24 0:50
1,"""000000000840003250681655""",000000000840003250681655,5/18/24 5:50,5/18/24 5:54,0:02:27,11825.74474,311.5757497,9031.017001,0,0,34.09329642,1.063947479,0.048346265,261.9757986,1.009669253,,"""""",17.77562524,1,7/2/24 0:50
1,"""000000000840003250681289""",000000000840003250681289,5/18/24 6:09,5/18/24 6:12,0:03:22,9678.639897,302.4749186,6814.73427,0,0,34.19100417,1.061797908,0.002767373,298.9747639,1.000553475,,"""""",17.79541732,1,7/2/24 0:50
1,"""000000000840003250681689""",000000000840003250681689,5/18/24 6:23,5/18/24 6:26,0:02:36,12904.29255,427.7347854,9052.526706,0,0,34.03581332,1.065212107,0.001056363,114.5319439,1.000211273,,"""""",18.21894506,1,7/2/24 0:50
1,"""000000000840003250681788""",000000000840003250681788,5/18/24 6:58,5/18/24 7:01,0:02:47,10081.40833,315.8244094,7194.60967,0,0,34.02778376,1.065388757,0.046507735,9.079527487,1.009301547,,"""""",18.1349047,1,7/2/24 0:50
1,"""000000000840003250681234""",000000000840003250681234,5/18/24 7:35,5/18/24 7:41,0:04:32,10762.50007,315.8387632,8310.616621,0,0,34.66495851,1.051370913,0.299358456,352.6814742,1.059871691,,"""""",18.09742696,1,7/2/24 0:50
1,"""000000000840003250681649""",000000000840003250681649,5/18/24 8:10,5/18/24 8:14,0:02:31,7511.181909,143.4996577,5497.883155,0,0,34.59840221,1.052835151,0.459092357,328.2542458,1.091818471,,"""""",19.06490811,1,7/2/24 0:50
1,"""000000000840003250681661""",000000000840003250681661,5/18/24 9:34,5/18/24 9:42,0:05:05,8506.452306,255.2294915,5960.175944,0,0,34.49332721,1.055146801,0.477701852,352.366216,1.09554037,,"""""",23.18198447,1,7/2/24 0:50
1,"""000000000840003250681655""",000000000840003250681655,5/18/24 9:43,5/18/24 9:47,0:03:07,9919.744359,336.4433078,6403.542046,0,0,34.46834488,1.055696413,0.524157413,344.7082463,1.104831483,,"""""",23.49968098,1,7/2/24 0:50
1,"""000000000840003250681664""",000000000840003250681664,5/18/24 9:56,5/18/24 10:00,0:03:31,14347.75518,496.9167923,10000.3105,0,0,34.60837925,1.052615656,0.329010673,349.9783888,1.065802135,,"""""",24.09471484,1,7/2/24 0:50
1,"""000000000840003250681768""",000000000840003250681768,5/18/24 10:19,5/18/24 10:26,0:02:49,10357.11431,401.4311054,6517.944185,0,0,34.31157442,1.059145363,0.688730454,342.3695673,1.137746091,,"""""",24.22997814,1,7/2/24 0:50
1,"""000000000840003250681289""",000000000840003250681289,5/18/24 11:59,5/18/24 12:05,0:03:45,7433.715719,238.1149067,5281.483964,0,0,33.93971697,1.067326227,1.108996198,336.5792111,1.22179924,,"""""",25.97894909,1,7/2/24 0:50
1,"""000000000840003250681711""",000000000840003250681711,5/18/24 12:08,5/18/24 12:12,0:02:35,7114.890064,227.9556806,4875.969598,0,0,34.07419234,1.064367769,0.737342985,5.401966845,1.147468597,,"""""",26.16920947,1,7/2/24 0:50
1,"""000000000840003250681245""",000000000840003250681245,5/18/24 12:22,5/18/24 12:29,0:02:23,14328.11977,455.0121804,10112.59063,0,0,34.12257758,1.063303293,0.86198609,340.2542857,1.172397218,,"""""",26.61642212,1,7/2/24 0:50
1,"""000000000840003250681664""",000000000840003250681664,5/18/24 13:17,5/18/24 13:19,0:02:48,31532.60153,1248.600486,20250.5131,0,0,34.18937925,1.061833656,0.905830196,359.7502204,1.181166039,,"""""",27.26683056,1,7/2/24 0:50
1,"""000000000840003250681789""",000000000840003250681789,5/18/24 13:21,5/18/24 13:26,0:02:20,11796.42954,398.298108,8295.964247,0,0,34.28415133,1.059748671,0.468349478,356.2956683,1.093669896,,"""""",27.43454783,1,7/2/24 0:50
1,"""000000000840003250681661""",000000000840003250681661,5/18/24 13:36,5/18/24 13:44,0:06:47,8904.495916,384.9435632,6156.493217,0,0,34.24265587,1.060661571,0.591823957,12.51137104,1.118364791,,"""""",27.75137026,1,7/2/24 0:50
1,"""000000000840003250681689""",000000000840003250681689,5/18/24 13:58,5/18/24 14:03,0:03:17,12916.39632,497.6272135,9278.058714,0,0,34.26837802,1.060095684,0.579208806,8.457862163,1.115841761,,"""""",28.00817638,1,7/2/24 0:50
1,"""000000000840003250681655""",000000000840003250681655,5/18/24 14:06,5/18/24 14:09,0:02:09,7741.437246,213.158205,6011.794324,0,0,34.1273748,1.063197754,0.589113506,343.8845764,1.117822701,,"""""",28.1347059,1,7/2/24 0:50
1,"""000000000840003250681655""",000000000840003250681655,5/18/24 14:28,5/18/24 14:32,0:03:12,10351.35363,303.6218753,6923.574064,0,0,34.21042676,1.061370611,0.533780841,24.6968799,1.106756168,,"""""",28.30106715,1,7/2/24 0:50
1,"""000000000840003234513955""",000000000840003234513955,5/18/24 14:57,5/18/24 15:04,0:02:55,10077.46341,338.0756138,5927.121704,0,0,33.92334772,1.06768635,0.72961387,349.541752,1.145922774,,"""""",28.60192877,1,7/2/24 0:50
1,"""000000000840003250681766""",000000000840003250681766,5/18/24 15:49,5/18/24 15:55,0:03:40,7982.307776,294.3521823,5428.819042,0,0,33.84453219,1.069420292,0.792049309,355.8266698,1.158409862,,"""""",29.31087083,1,7/2/24 0:50
1,"""000000000840003250681661""",000000000840003250681661,5/18/24 16:54,5/18/24 17:00,0:02:49,8383.163074,208.8315752,5759.478556,0,0,34.03046315,1.065329811,0.542256399,341.0849975,1.10845128,,"""""",28.3176518,1,7/2/24 0:50
1,"""000000000840003250681809""",000000000840003250681809,5/18/24 18:13,5/18/24 18:20,0:03:06,9388.255196,298.7756137,6563.81636,0,0,33.9066346,1.068054039,0.779891424,312.9512845,1.155978285,,"""""",27.89247022,1,7/2/24 0:50
1,"""000000000840003250681234""",000000000840003250681234,5/18/24 19:30,5/18/24 19:32,0:02:08,12987.85485,612.6531461,8504.684384,0,0,34.17012762,1.062257192,0.77611739,91.97497052,1.155223478,,"""""",25.25093592,1,7/2/24 0:50
1,"""000000000840003250681661""",000000000840003250681661,5/18/24 19:33,5/18/24 19:44,0:03:55,7315.602449,163.1168445,5098.330404,0,0,34.16312782,1.062411188,0.583050573,84.73774939,1.116610115,,"""""",25.270354,1,7/2/24 0:50
1,"""000000000840003250681809""",000000000840003250681809,5/18/24 20:51,5/18/24 20:58,0:02:30,13596.16242,344.6979919,8579.103485,0,0,34.16808049,1.062302229,0.200743223,36.23471574,1.040148645,,"""""",23.8225391,1,7/2/24 0:50
1,"""000000000840003250681234""",000000000840003250681234,5/19/24 0:23,5/19/24 0:30,0:06:28,13809.45471,552.6488881,9881.871633,0,0,34.32586649,1.058830937,0.033038713,63.49758595,1.006607743,,"""""",20.53636115,1,7/3/24 0:51
1,"""000000000840003250681661""",000000000840003250681661,5/19/24 0:46,5/19/24 1:02,0:04:47,10845.6619,308.4596834,7354.658096,0,0,34.26259541,1.060222901,0.078425792,34.83184617,1.015685158,,"""""",20.36704999,1,7/3/24 0:51
1,"""000000000840003250681711""",000000000840003250681711,5/19/24 1:16,5/19/24 1:20,0:03:19,10999.63183,385.7454108,7808.790335,0,0,34.28604407,1.05970703,0.060088967,279.5826996,1.012017793,,"""""",19.58537735,1,7/3/24 0:51
1,"""000000000840003250681245""",000000000840003250681245,5/19/24 1:39,5/19/24 1:44,0:02:29,17405.97441,531.0810901,12045.57143,0,0,34.30924081,1.059196702,0.092386901,48.01631099,1.01847738,,"""""",19.55882613,1,7/3/24 0:51
1,"""000000000840003250681664""",000000000840003250681664,5/19/24 3:25,5/19/24 3:32,0:04:21,13731.1659,479.7162901,9257.226423,0,0,34.32590868,1.058830009,0.0034148,93.73169732,1.00068296,,"""""",17.38552055,1,7/3/24 0:51
1,"""000000000840003250681788""",000000000840003250681788,5/19/24 3:34,5/19/24 3:38,0:04:11,10002.51952,295.5534272,7575.502038,0,0,34.3732562,1.057788364,0.011520463,96.56112875,1.002304093,,"""""",17.68424975,1,7/3/24 0:51
1,"""000000000840003250681289""",000000000840003250681289,5/19/24 4:25,5/19/24 4:27,0:02:23,17830.97488,886.5131013,9847.713218,0,0,34.36622191,1.057943118,0.017965374,89.39012739,1.003593075,,"""""",16.17629012,1,7/3/24 0:51
1,"""000000000840003250681655""",000000000840003250681655,5/19/24 4:36,5/19/24 4:38,0:02:03,13870.42666,444.2125758,9017.91531,0,0,34.43989764,1.056322252,0,243.2672094,1,,"""""",16.33900919,1,7/3/24 0:51
1,"""000000000840003250681661""",000000000840003250681661,5/19/24 5:29,5/19/24 5:36,0:03:25,11887.83939,407.7024918,8771.768269,0,0,34.33394049,1.058653309,0,106.5819058,1,,"""""",14.04091276,1,7/3/24 0:51
1,"""000000000840003250681788""",000000000840003250681788,5/19/24 6:34,5/19/24 6:39,0:05:00,10486.86379,324.6761127,7281.236138,0,0,34.4049061,1.057092066,0.008229944,46.19856662,1.001645989,,"""""",14.14774472,1,7/3/24 0:51
1,"""000000000840003250681711""",000000000840003250681711,5/19/24 7:36,5/19/24 7:42,0:02:31,9106.256217,180.5420692,6310.566341,0,0,34.22410247,1.061069746,0.00897185,18.71430162,1.00179437,,"""""",16.48235285,1,7/3/24 0:51
1,"""000000000840003250681689""",000000000840003250681689,5/19/24 8:17,5/19/24 8:23,0:03:03,11028.85195,325.2832363,7983.789838,0,0,34.29025178,1.059614461,0.038707852,52.99690859,1.00774157,,"""""",18.12468348,1,7/3/24 0:51
1,"""000000000840003250681809""",000000000840003250681809,5/19/24 9:04,5/19/24 9:06,0:02:08,17459.82183,685.1550351,10071.71345,0,0,34.25251214,1.060444733,0,28.96919932,1,,"""""",19.31500265,1,7/3/24 0:51
1,"""000000000840003250681661""",000000000840003250681661,5/19/24 9:36,5/19/24 9:41,0:03:21,13701.94015,437.338943,8655.591442,0,0,34.27669917,1.059912618,0.053942003,4.184851284,1.010788401,,"""""",20.93391714,1,7/3/24 0:51
1,"""000000000840003250681661""",000000000840003250681661,5/19/24 10:00,5/19/24 10:05,0:03:18,14188.40466,534.5502132,9456.572922,0,0,34.29446701,1.059521726,0.145767171,51.58046331,1.029153434,,"""""",20.83929973,1,7/3/24 0:51
1,"""000000000840003234513977""",000000000840003234513977,5/19/24 10:43,5/19/24 10:48,0:02:38,13135.52403,447.1178853,8174.155165,0,0,34.23049193,1.060929178,0.204469355,8.046685871,1.040893871,,"""""",21.59217613,1,7/3/24 0:51
1,"""000000000840003250681788""",000000000840003250681788,5/19/24 11:15,5/19/24 11:19,0:04:10,9384.697098,320.3228744,7124.53619,0,0,34.24430753,1.060625234,0.05506065,321.8821936,1.01101213,,"""""",21.89142194,1,7/3/24 0:51
1,"""000000000840003250681661""",000000000840003250681661,5/19/24 12:29,5/19/24 12:35,0:05:38,10778.60127,345.9237691,7885.789678,0,0,34.1587857,1.062506715,0.223670648,353.4157813,1.04473413,,"""""",23.08803479,1,7/3/24 0:51
1,"""000000000840003234513955""",000000000840003234513955,5/19/24 13:16,5/19/24 13:20,0:02:57,13379.28213,371.943562,9757.463349,0,0,34.13484122,1.063033493,0.183499908,27.4419141,1.036699982,,"""""",23.72887786,1,7/3/24 0:51
1,"""000000000840003250681788""",000000000840003250681788,5/19/24 13:42,5/19/24 13:52,0:02:49,11461.33645,420.1169301,7435.115827,0,0,33.9967799,1.066070842,0.105209799,22.57924474,1.02104196,,"""""",23.27122245,1,7/3/24 0:51
1,"""000000000840003250681799""",000000000840003250681799,5/19/24 14:31,5/19/24 14:36,0:02:20,12628.83245,422.3389025,7862.894952,0,0,34.01896738,1.065582718,0.12000172,9.189351307,1.024000344,,"""""",23.14942161,1,7/3/24 0:51
1,"""000000000840003250681245""",000000000840003250681245,5/19/24 14:47,5/19/24 14:51,0:04:17,15920.99601,541.3607652,10723.8797,0,0,34.03310019,1.065271796,0.132204545,9.206811553,1.026440909,,"""""",23.40089596,1,7/3/24 0:51
1,"""000000000840003250681711""",000000000840003250681711,5/19/24 14:57,5/19/24 15:02,0:02:51,16026.78385,585.1184393,10384.61818,0,0,34.03957035,1.065129452,0.17716056,10.91492513,1.035432112,,"""""",23.73355763,1,7/3/24 0:51
1,"""000000000840003250681661""",000000000840003250681661,5/19/24 15:35,5/19/24 15:41,0:04:17,11784.54655,381.1745061,8403.556828,0,0,34.02309262,1.065491962,0.075710306,49.05312054,1.015142061,,"""""",23.06756399,1,7/3/24 0:51
1,"""000000000840003250681789""",000000000840003250681789,5/19/24 15:50,5/19/24 15:55,0:03:39,15271.39464,541.4437934,9739.789118,0,0,33.99973103,1.066005917,0.044596071,326.0810866,1.008919214,,"""""",23.2063811,1,7/3/24 0:51
1,"""000000000840003250681234""",000000000840003250681234,5/19/24 16:00,5/19/24 16:03,0:02:32,13798.03425,560.5993405,9348.05594,0,0,33.97293364,1.06659546,0.028442823,103.464363,1.005688565,,"""""",23.32397819,1,7/3/24 0:51
1,"""000000000840003250681788""",000000000840003250681788,5/19/24 16:32,5/19/24 16:35,0:02:23,11259.1771,280.6117589,8297.672937,0,0,33.92471519,1.067656266,0.021007096,61.69165814,1.004201419,,"""""",22.01984931,1,7/3/24 0:51
1,"""000000000840003234513955""",000000000840003234513955,5/19/24 17:21,5/19/24 17:27,0:02:42,13698.55021,436.9880511,8516.238506,0,0,33.91481365,1.0678741,0.15191254,64.5085368,1.030382508,,"""""",22.48052613,1,7/3/24 0:51
1,"""000000000840003250681245""",000000000840003250681245,5/19/24 18:40,5/19/24 18:42,0:02:10,10690.12451,289.9656291,7052.453584,0,0,33.88069049,1.068624809,0.100440903,30.87110114,1.020088181,,"""""",20.73209597,1,7/3/24 0:51
1,"""000000000840003250681245""",000000000840003250681245,5/19/24 18:56,5/19/24 18:59,0:03:08,13488.95736,431.7830132,10482.23422,0,0,33.85305958,1.069232689,0.10138787,69.4209954,1.020277574,,"""""",21.37524151,1,7/3/24 0:51
1,"""000000000840003250681766""",000000000840003250681766,5/19/24 19:31,5/19/24 19:33,0:02:10,13048.11852,506.8892329,9055.285374,0,0,33.85134026,1.069270514,0.122683468,65.88917365,1.024536694,,"""""",21.00338162,1,7/3/24 0:51
1,"""000000000840003250681655""",000000000840003250681655,5/19/24 20:50,5/19/24 20:54,0:02:22,14987.32595,583.9504925,8606.389027,0,0,33.72462136,1.07205833,0.14761454,40.61992608,1.029522908,,"""""",19.57561805,1,7/3/24 0:51
1,"""000000000840003250681809""",000000000840003250681809,5/19/24 21:21,5/19/24 21:24,0:03:25,13359.24584,511.1546303,8968.021558,0,0,33.71689093,1.0722284,0.02952132,254.0946465,1.005904264,,"""""",19.53468254,1,7/3/24 0:51
1,"""000000000840003250681788""",000000000840003250681788,5/19/24 22:09,5/19/24 22:18,0:03:58,13816.4338,532.2139323,9568.921291,0,0,33.61989317,1.07436235,0.011315108,296.6983089,1.002263022,,"""""",19.04935613,1,7/3/24 0:51
1,"""000000000840003250681689""",000000000840003250681689,5/19/24 22:27,5/19/24 22:34,0:05:50,8048.164741,363.9658719,5634.416516,0,0,33.69900361,1.072621921,0.071279207,280.2360088,1.014255841,,"""""",19.02131181,1,7/3/24 0:51
1,"""000000000840003234513977""",000000000840003234513977,5/20/24 0:26,5/20/24 0:30,0:03:31,11404.48251,342.0549012,7842.643141,0,0,33.67258012,1.073203237,0.040195613,328.9847733,1.008039123,,"""""",18.5650379,1,7/4/24 0:51
1,"""000000000840003250681289""",000000000840003250681289,5/20/24 0:43,5/20/24 0:50,0:05:28,8735.608481,374.5922833,6020.825141,0,0,33.66818998,1.07329982,0.062821569,18.06001373,1.012564314,,"""""",18.50574571,1,7/4/24 0:51
1,"""000000000840003250681789""",000000000840003250681789,5/20/24 0:52,5/20/24 0:59,0:03:27,8140.437314,254.383517,5836.115851,0,0,33.59674018,1.074871716,0.063130445,320.681672,1.012626089,,"""""",18.56339893,1,7/4/24 0:51
1,"""000000000840003250681809""",000000000840003250681809,5/20/24 1:06,5/20/24 1:11,0:03:23,13489.79307,505.5895869,8586.391385,0,0,33.54946373,1.075911798,0.067576643,56.61139838,1.013515329,,"""""",18.60578475,1,7/4/24 0:51
1,"""000000000840003250681655""",000000000840003250681655,5/20/24 1:16,5/20/24 1:20,0:02:33,11825.26578,311.6785187,7476.764469,0,0,33.53781157,1.076168145,0.044153398,38.77416395,1.00883068,,"""""",18.78402193,1,7/4/24 0:51
1,"""000000000840003250681234""",000000000840003250681234,5/20/24 1:28,5/20/24 1:38,0:05:41,12010.03962,490.2888173,8171.07076,0,0,33.51437648,1.076683717,0.062017008,33.45446663,1.012403402,,"""""",18.82237377,1,7/4/24 0:51
1,"""000000000840003250681788""",000000000840003250681788,5/20/24 1:39,5/20/24 1:45,0:03:26,10640.75444,367.1828635,7109.69798,0,0,33.51382506,1.076695849,0.050020012,46.92900236,1.010004002,,"""""",19.06288236,1,7/4/24 0:51
1,"""000000000840003250681245""",000000000840003250681245,5/20/24 2:35,5/20/24 2:43,0:04:30,12362.63117,466.9256056,7749.678825,0,0,33.5048451,1.076893408,0.07160849,320.6634597,1.014321698,,"""""",18.06601395,1,7/4/24 0:51
1,"""000000000840003250681711""",000000000840003250681711,5/20/24 3:28,5/20/24 3:32,0:03:36,12497.83097,430.7949577,8440.130665,0,0,33.46064357,1.077865841,0.160937448,345.1542993,1.03218749,,"""""",18.16088569,1,7/4/24 0:51
1,"""000000000840003250681655""",000000000840003250681655,5/20/24 4:13,5/20/24 4:16,0:03:46,10835.7521,273.2955792,6943.89418,0,0,33.11786767,1.085406911,0.496066273,325.9475022,1.099213255,,"""""",16.26224185,1,7/4/24 0:51
1,"""000000000840003250681788""",000000000840003250681788,5/20/24 4:29,5/20/24 4:32,0:02:35,12274.18672,468.5916169,7881.592963,0,0,33.09332261,1.085946902,0.100098179,331.5290342,1.020019636,,"""""",15.86242112,1,7/4/24 0:51
1,"""000000000840003250681661""",000000000840003250681661,5/20/24 4:35,5/20/24 4:38,0:02:42,13715.47523,336.627406,8805.307885,0,0,33.05180271,1.08686034,0.13852544,344.3549668,1.027705088,,"""""",16.15939045,1,7/4/24 0:51
1,"""000000000840003250681245""",000000000840003250681245,5/20/24 6:02,5/20/24 6:09,0:04:18,13051.11221,440.2595172,8621.904404,0,0,32.61209597,1.096533889,0.022234731,80.38481552,1.004446946,,"""""",16.23636357,1,7/4/24 0:51
1,"""000000000840003250681789""",000000000840003250681789,5/20/24 7:53,5/20/24 7:56,0:02:21,8873.132136,306.1583555,6325.637674,0,0,32.3871645,1.101482381,0.010804278,109.2587128,1.002160856,,"""""",16.11732732,1,7/4/24 0:51
1,"""000000000840003250681234""",000000000840003250681234,5/20/24 7:58,5/20/24 8:08,0:06:22,8625.915939,286.3279516,5969.00734,0,0,32.38638852,1.101499453,0.005330971,83.139974,1.001066194,,"""""",16.29389247,1,7/4/24 0:51
1,"""000000000840003250681789""",000000000840003250681789,5/20/24 8:08,5/20/24 8:18,0:02:25,9786.081947,171.7228357,7001.285084,0,0,32.46803141,1.099703309,0.011030654,98.19227175,1.002206131,,"""""",16.38160872,1,7/4/24 0:51
1,"""000000000840003250681245""",000000000840003250681245,5/20/24 8:44,5/20/24 8:46,0:02:07,7193.293967,139.0859315,5671.109331,0,0,32.55222177,1.097851121,0.061240019,75.40651771,1.012248004,,"""""",16.14305113,1,7/4/24 0:51
1,"""000000000840003250681245""",000000000840003250681245,5/20/24 8:53,5/20/24 9:02,0:04:57,4076.873964,80.82719186,2974.720121,0,0,32.64429568,1.095825495,0.043164146,100.1070092,1.008632829,,"""""",16.3861165,1,7/4/24 0:51
1,"""000000000840003250681234""",000000000840003250681234,5/20/24 11:51,5/20/24 11:55,0:02:41,15884.55624,579.5401233,10133.05662,0,0,32.68270892,1.094980404,0.083518995,43.03505817,1.016703799,,"""""",19.03967287,1,7/4/24 0:51